Workbook

Sheet BAHAN BAKU
A2: PEMBELIAN | M2: PEMAKAIAN | X2: PENJUALAN
A4: NO | C4: PEWARNA | D4: SAKARIN | E4: GAPLEK | F4: GMBLONG | G4: GULA | H4: GARAM | I4: SORBAT | J4: KALENG | K4: TUTUP | M4: NO | N4: PEWARNA | O4: SAKARIN | P4: GAPLEK | Q4: GAMBLONG | R4: GULA | S4: GARAM | T4: SORBAT | U4: KALENG | V4: TUTUP | X4: NO | Y4: PEWARNA | Z4: SAKARIN | AA4: GAPLEK | AB4: GAMBLONG | AC4: GULA | AD4: GARAM | AE4: SORBAT | AF4: KALENG | AG4: TUTUP
A5: 1 | M5: 1 | N5: 2 | O5: 3 | P5: 4 | Q5: 5 | R5: 6 | S5: 78 | T5: 9 | X5: 1 | Y5: 100
A6: 2 | M6: 2 | X6: 2
A7: 3 | M7: 3 | X7: 3
A8: 4 | M8: 4 | X8: 4
A9: 5 | M9: 5 | X9: 5
A10: 6 | M10: 6 | X10: 6
A11: 7 | M11: 7 | X11: 7
C12: =SUM(C5:C11) -> 0 | D12: =SUM(D5:D11) -> 0 | E12: =SUM(E5:E11) -> 0 | F12: =SUM(F5:F11) -> 0 | G12: =SUM(G5:G11) -> 0 | H12: =SUM(H5:H11) -> 0 | I12: =SUM(I5:I11) -> 0 | J12: =SUM(J5:J11) -> 0 | K12: =SUM(K5:K11) -> 0 | N12: =SUM(N5:N11) -> 2 | O12: =SUM(O5:O11) -> 3 | P12: =SUM(P5:P11) -> 4 | Q12: =SUM(Q5:Q11) -> 5 | R12: =SUM(R5:R11) -> 6 | S12: =SUM(S5:S11) -> 78 | T12: =SUM(T5:T11) -> 9 | U12: =SUM(U5:U11) -> 0 | V12: =SUM(V5:V11) -> 0 | Y12: =SUM(Y5:Y11) -> 100 | Z12: =SUM(Z5:Z11) -> 0 | AA12: =SUM(AA5:AA11) -> 0 | AB12: =SUM(AB5:AB11) -> 0 | AC12: =SUM(AC5:AC11) -> 0 | AD12: =SUM(AD5:AD11) -> 0 | AE12: =SUM(AE5:AE11) -> 0 | AF12: =SUM(AF5:AF11) -> 0 | AG12: =SUM(AG5:AG11) -> 0
C13: =COUNTA(C5:C11) -> 0 | D13: =COUNTA(D5:D11) -> 0 | E13: =COUNTA(E5:E11) -> 0 | F13: =COUNTA(F5:F11) -> 0 | G13: =COUNTA(G5:G11) -> 0 | H13: =COUNTA(H5:H11) -> 0 | I13: =COUNTA(I5:I11) -> 0 | J13: =COUNTA(J5:J11) -> 0 | K13: =COUNTA(K5:K11) -> 0 | N13: =COUNTA(N5:N11) -> 1 | O13: =COUNTA(O5:O11) -> 1 | P13: =COUNTA(P5:P11) -> 1 | Q13: =COUNTA(Q5:Q11) -> 1 | R13: =COUNTA(R5:R11) -> 1 | S13: =COUNTA(S5:S11) -> 1 | T13: =COUNTA(T5:T11) -> 1 | U13: =COUNTA(U5:U11) -> 0 | V13: =COUNTA(V5:V11) -> 0 | Y13: =COUNTA(Y5:Y11) -> 1 | Z13: =COUNTA(Z5:Z11) -> 0 | AA13: =COUNTA(AA5:AA11) -> 0 | AB13: =COUNTA(AB5:AB11) -> 0 | AC13: =COUNTA(AC5:AC11) -> 0 | AD13: =COUNTA(AD5:AD11) -> 0 | AE13: =COUNTA(AE5:AE11) -> 0 | AF13: =COUNTA(AF5:AF11) -> 0 | AG13: =COUNTA(AG5:AG11) -> 0
A15: STOCK BUKU | M15: STOCK NYATA (OPNAME) | X15: SELISIH STOCK
A16: S AWAL | C16: 200 | D16: 200 | E16: 200 | F16: 200 | G16: 200 | H16: 200 | I16: 200 | J16: 200 | K16: 200
B17: NO | C17: PEWARNA | D17: SAKARIN | E17: GAPLEK | F17: GMBLONG | G17: GULA | H17: GARAM | I17: SORBAT | J17: KALENG | K17: TUTUP | M17: NO | N17: PEWARNA | O17: SAKARIN | P17: GAPLEK | Q17: GAMBLONG | R17: GULA | S17: GARAM | T17: SORBAT | U17: KALENG | V17: TUTUP | X17: NO | Y17: PEWARNA | Z17: SAKARIN | AA17: GAPLEK | AB17: GAMBLONG | AC17: GULA | AD17: GARAM | AE17: SORBAT | AF17: KALENG | AG17: TUTUP
A18: 1 | C18: =(IF(C16="",C16,C16+C5)-(N5+Y5)) -> 98 | D18: =(IF(D16="",D16,D16+D5)-(O5+Z5)) -> 197 | E18: =(IF(E16="",E16,E16+E5)-(P5+AA5)) -> 196 | F18: =(IF(F16="",F16,F16+F5)-(Q5+AB5)) -> 195 | G18: =(IF(G16="",G16,G16+G5)-(R5+AC5)) -> 194 | H18: =(IF(H16="",H16,H16+H5)-(S5+AD5)) -> 122 | I18: =(IF(I16="",I16,I16+I5)-(T5+AE5)) -> 191 | J18: =(IF(J16="",J16,J16+J5)-(U5+AF5)) -> 200 | K18: =(IF(K16="",K16,K16+K5)-(V5+AG5)) -> 200 | M18: 1 | N18: 90 | X18: 1 | Y18: =C18-N18 -> 8 | Z18: =D18-O18 -> 197 | AA18: =E18-P18 -> 196 | AB18: =F18-Q18 -> 195 | AC18: =G18-R18 -> 194 | AD18: =H18-S18 -> 122 | AE18: =I18-T18 -> 191 | AF18: =J18-U18 -> 200 | AG18: =K18-V18 -> 200
A19: 2 | C19: =(C18+C6)-(N6+Y6) -> 98 | D19: =(D18+D6)-(O6+Z6) -> 197 | E19: =(E18+E6)-(P6+AA6) -> 196 | F19: =(F18+F6)-(Q6+AB6) -> 195 | G19: =(G18+G6)-(R6+AC6) -> 194 | H19: =(H18+H6)-(S6+AD6) -> 122 | I19: =(I18+I6)-(T6+AE6) -> 191 | J19: =(J18+J6)-(U6+AF6) -> 200 | K19: =(K18+K6)-(V6+AG6) -> 200 | M19: 2 | X19: 2 | Y19: =C19-N19 -> 98 | Z19: =D19-O19 -> 197 | AA19: =E19-P19 -> 196 | AB19: =F19-Q19 -> 195 | AC19: =G19-R19 -> 194 | AD19: =H19-S19 -> 122 | AE19: =I19-T19 -> 191 | AF19: =J19-U19 -> 200 | AG19: =K19-V19 -> 200
A20: 3 | C20: =(C19+C7)-(N7+Y7) -> 98 | D20: =(D19+D7)-(O7+Z7) -> 197 | E20: =(E19+E7)-(P7+AA7) -> 196 | F20: =(F19+F7)-(Q7+AB7) -> 195 | G20: =(G19+G7)-(R7+AC7) -> 194 | H20: =(H19+H7)-(S7+AD7) -> 122 | I20: =(I19+I7)-(T7+AE7) -> 191 | J20: =(J19+J7)-(U7+AF7) -> 200 | K20: =(K19+K7)-(V7+AG7) -> 200 | M20: 3 | X20: 3 | Y20: =C20-N20 -> 98 | Z20: =D20-O20 -> 197 | AA20: =E20-P20 -> 196 | AB20: =F20-Q20 -> 195 | AC20: =G20-R20 -> 194 | AD20: =H20-S20 -> 122 | AE20: =I20-T20 -> 191 | AF20: =J20-U20 -> 200 | AG20: =K20-V20 -> 200
A21: 4 | C21: =(C20+C8)-(N8+Y8) -> 98 | D21: =(D20+D8)-(O8+Z8) -> 197 | E21: =(E20+E8)-(P8+AA8) -> 196 | F21: =(F20+F8)-(Q8+AB8) -> 195 | G21: =(G20+G8)-(R8+AC8) -> 194 | H21: =(H20+H8)-(S8+AD8) -> 122 | I21: =(I20+I8)-(T8+AE8) -> 191 | J21: =(J20+J8)-(U8+AF8) -> 200 | K21: =(K20+K8)-(V8+AG8) -> 200 | M21: 4 | X21: 4 | Y21: =C21-N21 -> 98 | Z21: =D21-O21 -> 197 | AA21: =E21-P21 -> 196 | AB21: =F21-Q21 -> 195 | AC21: =G21-R21 -> 194 | AD21: =H21-S21 -> 122 | AE21: =I21-T21 -> 191 | AF21: =J21-U21 -> 200 | AG21: =K21-V21 -> 200
A22: 5 | C22: =(C21+C9)-(N9+Y9) -> 98 | D22: =(D21+D9)-(O9+Z9) -> 197 | E22: =(E21+E9)-(P9+AA9) -> 196 | F22: =(F21+F9)-(Q9+AB9) -> 195 | G22: =(G21+G9)-(R9+AC9) -> 194 | H22: =(H21+H9)-(S9+AD9) -> 122 | I22: =(I21+I9)-(T9+AE9) -> 191 | J22: =(J21+J9)-(U9+AF9) -> 200 | K22: =(K21+K9)-(V9+AG9) -> 200 | M22: 5 | X22: 5 | Y22: =C22-N22 -> 98 | Z22: =D22-O22 -> 197 | AA22: =E22-P22 -> 196 | AB22: =F22-Q22 -> 195 | AC22: =G22-R22 -> 194 | AD22: =H22-S22 -> 122 | AE22: =I22-T22 -> 191 | AF22: =J22-U22 -> 200 | AG22: =K22-V22 -> 200
A23: 6 | C23: =(C22+C10)-(N10+Y10) -> 98 | D23: =(D22+D10)-(O10+Z10) -> 197 | E23: =(E22+E10)-(P10+AA10) -> 196 | F23: =(F22+F10)-(Q10+AB10) -> 195 | G23: =(G22+G10)-(R10+AC10) -> 194 | H23: =(H22+H10)-(S10+AD10) -> 122 | I23: =(I22+I10)-(T10+AE10) -> 191 | J23: =(J22+J10)-(U10+AF10) -> 200 | K23: =(K22+K10)-(V10+AG10) -> 200 | M23: 6 | X23: 6 | Y23: =C23-N23 -> 98 | Z23: =D23-O23 -> 197 | AA23: =E23-P23 -> 196 | AB23: =F23-Q23 -> 195 | AC23: =G23-R23 -> 194 | AD23: =H23-S23 -> 122 | AE23: =I23-T23 -> 191 | AF23: =J23-U23 -> 200 | AG23: =K23-V23 -> 200
A24: 7 | C24: =(C23+C11)-(N11+Y11) -> 98 | D24: =(D23+D11)-(O11+Z11) -> 197 | E24: =(E23+E11)-(P11+AA11) -> 196 | F24: =(F23+F11)-(Q11+AB11) -> 195 | G24: =(G23+G11)-(R11+AC11) -> 194 | H24: =(H23+H11)-(S11+AD11) -> 122 | I24: =(I23+I11)-(T11+AE11) -> 191 | J24: =(J23+J11)-(U11+AF11) -> 200 | K24: =(K23+K11)-(V11+AG11) -> 200 | M24: 7 | X24: 7 | Y24: =C24-N24 -> 98 | Z24: =D24-O24 -> 197 | AA24: =E24-P24 -> 196 | AB24: =F24-Q24 -> 195 | AC24: =G24-R24 -> 194 | AD24: =H24-S24 -> 122 | AE24: =I24-T24 -> 191 | AF24: =J24-U24 -> 200 | AG24: =K24-V24 -> 200
A25: S AKHIR | C25: =C24 -> 98 | D25: =D24 -> 197 | E25: =E24 -> 196 | F25: =F24 -> 195 | G25: =G24 -> 194 | H25: =H24 -> 122 | I25: =I24 -> 191 | J25: =J24 -> 200 | K25: =K24 -> 200 | U25: SELISIH STOCK | Y25: =Y24 -> 98 | Z25: =Z24 -> 197 | AA25: =AA24 -> 196 | AB25: =AB24 -> 195 | AC25: =AC24 -> 194 | AD25: =AD24 -> 122 | AE25: =AE24 -> 191 | AF25: =AF24 -> 200 | AG25: =AG24 -> 200

Sheet PROSES MASAKAN
B2: PROSES MASAKAN | M2: HASIL MASAKAN | P2: KONVERSI | T2: STOCK NYATA
M3: KALENG | N3: BAL | O3: KG | P3: KALENG | Q3: REFILL | R3: TOTAL | S3: RATA-RATA | T3: KALENG | U3: RE-FILL
B4: NO | C4: SAMSUL | D4: YASFA'U | E4: AMIN | F4: MHMUD | G4: RIYAN | H4: KHOIRUL | I4: ARIF | J4: TIM | K4: TIM | L4: TOTAL | M4: PETIS | N4: RE-FILL | O4: SISA | P4: (KG) | Q4: (KG)
B5: 1 | C5: 5 | D5: 5 | E5: 5 | F5: 5 | G5: 5 | H5: 5 | I5: 5 | L5: =SUM(C5:K5) -> 35 | M5: 200 | N5: 200 | P5: =M5*9.3 -> 1860 | Q5: =N5*5 -> 1000 | R5: =SUM(P5:Q5) -> 2860 | S5: =IF(M5="","",IF(N5="","",R5/L5)) -> 81.714286 | T5: 900 | U5: 900
B6: 2 | C6: 5 | D6: 5 | E6: 5 | F6: 5 | G6: 5 | H6: 5 | I6: 5 | L6: =SUM(C6:K6) -> 35 | P6: =M6*9.3 -> 0 | Q6: =N6*5 -> 0 | R6: =SUM(P6:Q6) -> 0 | S6: =IF(M6="","",IF(N6="","",R6/L6))
B7: 3 | L7: =SUM(C7:K7) -> 0 | P7: =M7*9.3 -> 0 | Q7: =N7*5 -> 0 | R7: =SUM(P7:Q7) -> 0 | S7: =IF(M7="","",IF(N7="","",R7/L7))
B8: 4 | L8: =SUM(C8:K8) -> 0 | P8: =M8*9.3 -> 0 | Q8: =N8*5 -> 0 | R8: =SUM(P8:Q8) -> 0 | S8: =IF(M8="","",IF(N8="","",R8/L8))
B9: 5 | L9: =SUM(C9:K9) -> 0 | P9: =M9*9.3 -> 0 | Q9: =N9*5 -> 0 | R9: =SUM(P9:Q9) -> 0 | S9: =IF(M9="","",IF(N9="","",R9/L9))
B10: 6 | L10: =SUM(C10:K10) -> 0 | P10: =M10*9.3 -> 0 | Q10: =N10*5 -> 0 | R10: =SUM(P10:Q10) -> 0 | S10: =IF(M10="","",IF(N10="","",R10/L10))
B11: 7 | L11: =SUM(C11:K11) -> 0 | P11: =M11*9.3 -> 0 | Q11: =N11*5 -> 0 | R11: =SUM(P11:Q11) -> 0 | S11: =IF(M11="","",IF(N11="","",R11/L11))
C12: =SUM(C5:C11) -> 10 | D12: =SUM(D5:D11) -> 10 | E12: =SUM(E5:E11) -> 10 | F12: =SUM(F5:F11) -> 10 | G12: =SUM(G5:G11) -> 10 | H12: =SUM(H5:H11) -> 10 | I12: =SUM(I5:I11) -> 10 | J12: =SUM(J5:J11) -> 0 | ... N12: =SUM(N5:N11) -> 200 | O12: =O11 -> 0 | P12: =SUM(P5:P11) -> 1860 | Q12: =SUM(Q5:Q11) -> 1000 | R12: =SUM(R5:R11) -> 2860 | S12: =R12/L12 -> 40.857143 | T12: =T11 -> 0 | U12: =U11 -> 0
C13: =COUNTA(C5:C11) -> 2 | D13: =COUNTA(D5:D11) -> 2 | E13: =COUNTA(E5:E11) -> 2 | F13: =COUNTA(F5:F11) -> 2 | G13: =COUNTA(G5:G11) -> 2 | H13: =COUNTA(H5:H11) -> 2 | I13: =COUNTA(I5:I11) -> 2 | J13: =COUNTA(J5:J11) -> 0 | K13: =COUNTA(K5:K11) -> 0 | L13: =SUM(C13:K13) -> 14
E14: 5
U26: =SUM(R5) -> 2860

Sheet PENJUALAN
B1: NO | C1: MUATAN SORE/PAGI KALENG DAN RE-FILL | W1: TOTAL | AB1: NO | AC1: PENJUALAN GT | AW1: TOTAL
C2: IKHSAN | E2: SUTEKNO | G2: KARDI | I2: BASUKI | K2: BUDI | M2: BAYU | O2: JUARI | Q2: NURUL | S2: KULADI | U2: AGUS | W2: KLNG | X2: REFILL | Y2: TRUK | Z2: TRUK | AC2: IKHSAN | AE2: SUTEKNO | AG2: KARDI | AI2: BASUKI | AK2: BUDI | AM2: BAYU | AO2: JUARI | AQ2: NURUL | AS2: KULADI | AU2: AGUS | AW2: KLNG | AX2: REFILL | AY2: TRUK | AZ2: TRUK
C3: KLNG | D3: REFILL | E3: KLNG | F3: REFILL | G3: KLNG | H3: REFILL | I3: KLNG | J3: REFILL | K3: KLNG | L3: REFILL | M3: KLNG | N3: REFILL | O3: KLNG | P3: REFILL | Q3: KLNG | R3: REFILL | S3: KLNG | T3: REFILL | U3: KLNG | V3: REFILL | Y3: KLNG | Z3: REFILL | AC3: KLNG | AD3: REFILL | AE3: KLNG | AF3: REFILL | AG3: KLNG | AH3: REFILL | AI3: KLNG | AJ3: REFILL | AK3: KLNG | AL3: REFILL | AM3: KLNG | AN3: REFILL | AO3: KLNG | AP3: REFILL | AQ3: KLNG | AR3: REFILL | AS3: KLNG | AT3: REFILL | AU3: KLNG | AV3: REFILL | AY3: KLNG | AZ3: REFILL
B4: 1 | C4: 200 | D4: 200 | W4: =SUM(C4,E4,G4,I4,K4,M4,O4,Q4,S4,U4) -> 200 | X4: =SUM(D4,F4,H4,J4,L4,N4,P4,R4,T4,V4) -> 200 | Y4: =COUNT(C4,E4,G4,I4,K4,M4,O4,Q4,S4,U4) -> 1 | Z4: =COUNT(D4,F4,H4,J4,L4,N4,P4,R4,T4,V4) -> 1 | AB4: 1 | AC4: =IF(C17="",C4,C4-C17) -> 200 | AD4: =IF(D17="",D4,D4-D17) -> 200 | AE4: =IF(E17="",E4,E4-E17) -> 0 | AF4: =IF(F17="",F4,F4-F17) -> 0 | AG4: =IF(G17="",G4,G4-G17) -> 0 | AH4: =IF(H17="",H4,H4-H17) -> 0 | AI4: =IF(I17="",I4,I4-I17) -> 0 | AJ4: =IF(J17="",J4,J4-J17) -> 0 | ... AV4: =IF(V17="",V4,V4-V17) -> 0 | AW4: =SUM(AC4,AE4,AG4,AI4,AK4,AM4,AO4,AQ4,AS4,AU4) -> 200 | AX4: =SUM(AD4,AF4,AH4,AJ4,AL4,AN4,AP4,AR4,AT4,AV4) -> 200 | AY4: =COUNT(AC4,AE4,AG4,AI4,AK4,AM4,AO4,AQ4,AS4,AU4) -> 10 | AZ4: =COUNT(AD4,AF4,AH4,AJ4,AL4,AN4,AP4,AR4,AT4,AV4) -> 10
B5: 2 | W5: =SUM(C5,E5,G5,I5,K5,M5,O5,Q5,S5,U5) -> 0 | X5: =SUM(D5,F5,H5,J5,L5,N5,P5,R5,T5,V5) -> 0 | Y5: =COUNT(C5,E5,G5,I5,K5,M5,O5,Q5,S5,U5) -> 0 | Z5: =COUNT(D5,F5,H5,J5,L5,N5,P5,R5,T5,V5) -> 0 | AB5: 2 | AC5: =IF(C18="",C5,C5-C18) -> 0 | AD5: =IF(D18="",D5,D5-D18) -> 0 | AE5: =IF(E18="",E5,E5-E18) -> 0 | AF5: =IF(F18="",F5,F5-F18) -> 0 | AG5: =IF(G18="",G5,G5-G18) -> 0 | AH5: =IF(H18="",H5,H5-H18) -> 0 | AI5: =IF(I18="",I5,I5-I18) -> 0 | AJ5: =IF(J18="",J5,J5-J18) -> 0 | ... AV5: =IF(V18="",V5,V5-V18) -> 0 | AW5: =SUM(AC5,AE5,AG5,AI5,AK5,AM5,AO5,AQ5,AS5,AU5) -> 0 | AX5: =SUM(AD5,AF5,AH5,AJ5,AL5,AN5,AP5,AR5,AT5,AV5) -> 0 | AY5: =SUM(AE5,AG5,AI5,AK5,AM5,AO5,AQ5,AS5,AU5,AW5) -> 0
B6: 3 | W6: =SUM(C6,E6,G6,I6,K6,M6,O6,Q6,S6,U6) -> 0 | X6: =SUM(D6,F6,H6,J6,L6,N6,P6,R6,T6,V6) -> 0 | Y6: =COUNT(C6,E6,G6,I6,K6,M6,O6,Q6,S6,U6) -> 0 | Z6: =COUNT(D6,F6,H6,J6,L6,N6,P6,R6,T6,V6) -> 0 | AB6: 3 | AC6: =IF(C19="",C6,C6-C19) -> 0 | AD6: =IF(D19="",D6,D6-D19) -> 0 | AE6: =IF(E19="",E6,E6-E19) -> 0 | AF6: =IF(F19="",F6,F6-F19) -> 0 | AG6: =IF(G19="",G6,G6-G19) -> 0 | AH6: =IF(H19="",H6,H6-H19) -> 0 | AI6: =IF(I19="",I6,I6-I19) -> 0 | AJ6: =IF(J19="",J6,J6-J19) -> 0 | ... AV6: =IF(V19="",V6,V6-V19) -> 0 | AW6: =SUM(AC6,AE6,AG6,AI6,AK6,AM6,AO6,AQ6,AS6,AU6) -> 0 | AX6: =SUM(AD6,AF6,AH6,AJ6,AL6,AN6,AP6,AR6,AT6,AV6) -> 0 | AY6: =SUM(AE6,AG6,AI6,AK6,AM6,AO6,AQ6,AS6,AU6,AW6) -> 0
B7: 4 | W7: =SUM(C7,E7,G7,I7,K7,M7,O7,Q7,S7,U7) -> 0 | X7: =SUM(D7,F7,H7,J7,L7,N7,P7,R7,T7,V7) -> 0 | Y7: =COUNT(C7,E7,G7,I7,K7,M7,O7,Q7,S7,U7) -> 0 | Z7: =COUNT(D7,F7,H7,J7,L7,N7,P7,R7,T7,V7) -> 0 | AB7: 4 | AC7: =IF(C20="",C7,C7-C20) -> 0 | AD7: =IF(D20="",D7,D7-D20) -> 0 | AE7: =IF(E20="",E7,E7-E20) -> 0 | AF7: =IF(F20="",F7,F7-F20) -> 0 | AG7: =IF(G20="",G7,G7-G20) -> 0 | AH7: =IF(H20="",H7,H7-H20) -> 0 | AI7: =IF(I20="",I7,I7-I20) -> 0 | AJ7: =IF(J20="",J7,J7-J20) -> 0 | ... AV7: =IF(V20="",V7,V7-V20) -> 0 | AW7: =SUM(AC7,AE7,AG7,AI7,AK7,AM7,AO7,AQ7,AS7,AU7) -> 0 | AX7: =SUM(AD7,AF7,AH7,AJ7,AL7,AN7,AP7,AR7,AT7,AV7) -> 0 | AY7: =SUM(AE7,AG7,AI7,AK7,AM7,AO7,AQ7,AS7,AU7,AW7) -> 0
B8: 5 | W8: =SUM(C8,E8,G8,I8,K8,M8,O8,Q8,S8,U8) -> 0 | X8: =SUM(D8,F8,H8,J8,L8,N8,P8,R8,T8,V8) -> 0 | Y8: =COUNT(C8,E8,G8,I8,K8,M8,O8,Q8,S8,U8) -> 0 | Z8: =COUNT(D8,F8,H8,J8,L8,N8,P8,R8,T8,V8) -> 0 | AB8: 5 | AC8: =IF(C21="",C8,C8-C21) -> 0 | AD8: =IF(D21="",D8,D8-D21) -> 0 | AE8: =IF(E21="",E8,E8-E21) -> 0 | AF8: =IF(F21="",F8,F8-F21) -> 0 | AG8: =IF(G21="",G8,G8-G21) -> 0 | AH8: =IF(H21="",H8,H8-H21) -> 0 | AI8: =IF(I21="",I8,I8-I21) -> 0 | AJ8: =IF(J21="",J8,J8-J21) -> 0 | ... AV8: =IF(V21="",V8,V8-V21) -> 0 | AW8: =SUM(AC8,AE8,AG8,AI8,AK8,AM8,AO8,AQ8,AS8,AU8) -> 0 | AX8: =SUM(AD8,AF8,AH8,AJ8,AL8,AN8,AP8,AR8,AT8,AV8) -> 0 | AY8: =SUM(AE8,AG8,AI8,AK8,AM8,AO8,AQ8,AS8,AU8,AW8) -> 0
B9: 6 | W9: =SUM(C9,E9,G9,I9,K9,M9,O9,Q9,S9,U9) -> 0 | X9: =SUM(D9,F9,H9,J9,L9,N9,P9,R9,T9,V9) -> 0 | Y9: =COUNT(C9,E9,G9,I9,K9,M9,O9,Q9,S9,U9) -> 0 | Z9: =COUNT(D9,F9,H9,J9,L9,N9,P9,R9,T9,V9) -> 0 | AB9: 6 | AC9: =IF(C22="",C9,C9-C22) -> 0 | AD9: =IF(D22="",D9,D9-D22) -> 0 | AE9: =IF(E22="",E9,E9-E22) -> 0 | AF9: =IF(F22="",F9,F9-F22) -> 0 | AG9: =IF(G22="",G9,G9-G22) -> 0 | AH9: =IF(H22="",H9,H9-H22) -> 0 | AI9: =IF(I22="",I9,I9-I22) -> 0 | AJ9: =IF(J22="",J9,J9-J22) -> 0 | ... AV9: =IF(V22="",V9,V9-V22) -> 0 | AW9: =SUM(AC9,AE9,AG9,AI9,AK9,AM9,AO9,AQ9,AS9,AU9) -> 0 | AX9: =SUM(AD9,AF9,AH9,AJ9,AL9,AN9,AP9,AR9,AT9,AV9) -> 0 | AY9: =SUM(AE9,AG9,AI9,AK9,AM9,AO9,AQ9,AS9,AU9,AW9) -> 0
B10: 7 | W10: =SUM(C10,E10,G10,I10,K10,M10,O10,Q10,S10,U10) -> 0 | X10: =SUM(D10,F10,H10,J10,L10,N10,P10,R10,T10,V10) -> 0 | Y10: =COUNT(C10,E10,G10,I10,K10,M10,O10,Q10,S10,U10) -> 0 | Z10: =COUNT(D10,F10,H10,J10,L10,N10,P10,R10,T10,V10) -> 0 | AB10: 7 | AC10: =IF(C23="",C10,C10-C23) -> 0 | AD10: =IF(D23="",D10,D10-D23) -> 0 | AE10: =IF(E23="",E10,E10-E23) -> 0 | AF10: =IF(F23="",F10,F10-F23) -> 0 | AG10: =IF(G23="",G10,G10-G23) -> 0 | AH10: =IF(H23="",H10,H10-H23) -> 0 | AI10: =IF(I23="",I10,I10-I23) -> 0 | AJ10: =IF(J23="",J10,J10-J23) -> 0 | ... AV10: =IF(V23="",V10,V10-V23) -> 0 | AW10: =SUM(AC10,AE10,AG10,AI10,AK10,AM10,AO10,AQ10,AS10,AU10) -> 0 | AX10: =SUM(AD10,AF10,AH10,AJ10,AL10,AN10,AP10,AR10,AT10,AV10) -> 0 | AY10: =SUM(AE10,AG10,AI10,AK10,AM10,AO10,AQ10,AS10,AU10,AW10) -> 0
C11: =SUM(C4:C10) -> 200 | E11: =SUM(E4:E10) -> 0 | G11: =SUM(G4:G10) -> 0 | I11: =SUM(I4:I10) -> 0 | K11: =SUM(K4:K10) -> 0 | M11: =SUM(M4:M10) -> 0 | O11: =SUM(O4:O10) -> 0 | Q11: =SUM(Q4:Q10) -> 0 | S11: =SUM(S4:S10) -> 0 | W11: =SUM(W4:W10) -> 200 | X11: =SUM(X4:X10) -> 200 | Y11: =SUM(Y4:Y10) -> 1 | Z11: =SUM(Z4:Z10) -> 1 | AC11: =SUM(AC4:AC10) -> 200 | AE11: =SUM(AE4:AE10) -> 0 | AG11: =SUM(AG4:AG10) -> 0 | AI11: =SUM(AI4:AI10) -> 0 | AK11: =SUM(AK4:AK10) -> 0 | AM11: =SUM(AM4:AM10) -> 0 | AO11: =SUM(AO4:AO10) -> 0 | AQ11: =SUM(AQ4:AQ10) -> 0 | AS11: =SUM(AS4:AS10) -> 0 | AW11: =SUM(AW4:AW10) -> 200 | AX11: =SUM(AX4:AX10) -> 200 | AY11: =SUM(AY4:AY10) -> 10 | AZ11: =SUM(AZ4:AZ10) -> 10
C12: =COUNTA(C4:C10) -> 1 | E12: =COUNTA(E4:E10) -> 0 | G12: =COUNTA(G4:G10) -> 0 | I12: =COUNTA(I4:I10) -> 0 | K12: =COUNTA(K4:K10) -> 0 | M12: =COUNTA(M4:M10) -> 0 | O12: =COUNTA(O4:O10) -> 0 | Q12: =COUNTA(Q4:Q10) -> 0 | S12: =COUNTA(S4:S10) -> 0 | AC12: =COUNTA(AC4:AC10) -> 7 | AE12: =COUNTA(AE4:AE10) -> 7 | AG12: =COUNTA(AG4:AG10) -> 7 | AI12: =COUNTA(AI4:AI10) -> 7 | AK12: =COUNTA(AK4:AK10) -> 7 | AM12: =COUNTA(AM4:AM10) -> 7 | AO12: =COUNTA(AO4:AO10) -> 7 | AQ12: =COUNTA(AQ4:AQ10) -> 7 | AS12: =COUNTA(AS4:AS10) -> 7
B14: NO | C14: RETUR | W14: TOTAL
C15: IKHSAN | E15: SUTEKNO | G15: KARDI | I15: BASUKI | K15: BUDI | M15: BAYU | O15: JUARI | Q15: NURUL | S15: KULADI | U15: AGUS | W15: KLNG | X15: REFILL | Y15: TRUK | Z15: TRUK
C16: KLNG | D16: REFILL | E16: KLNG | F16: REFILL | G16: KLNG | H16: REFILL | I16: KLNG | J16: REFILL | K16: KLNG | L16: REFILL | M16: KLNG | N16: REFILL | O16: KLNG | P16: REFILL | Q16: KLNG | R16: REFILL | S16: KLNG | T16: REFILL | U16: KLNG | V16: REFILL | Y16: KLNG | Z16: REFILL
B17: 1 | W17: =SUM(C17,E17,G17,I17,K17,M17,O17,Q17,S17,U17) -> 0 | X17: =SUM(D17,F17,H17,J17,L17,N17,P17,R17,T17,V17) -> 0 | Y17: =COUNT(C17,E17,G17,I17,K17,M17,O17,Q17,S17,U17) -> 0 | Z17: =COUNT(D17,F17,H17,J17,L17,N17,P17,R17,T17,V17) -> 0 | AF17: `
B18: 2 | W18: =SUM(C18,E18,G18,I18,K18,M18,O18,Q18,S18,U18) -> 0 | Y18: =SUM(E18,G18,I18,K18,M18,O18,Q18,S18,U18,W18) -> 0
B19: 3 | W19: =SUM(C19,E19,G19,I19,K19,M19,O19,Q19,S19,U19) -> 0 | Y19: =SUM(E19,G19,I19,K19,M19,O19,Q19,S19,U19,W19) -> 0
B20: 4 | W20: =SUM(C20,E20,G20,I20,K20,M20,O20,Q20,S20,U20) -> 0 | Y20: =SUM(E20,G20,I20,K20,M20,O20,Q20,S20,U20,W20) -> 0
B21: 5 | W21: =SUM(C21,E21,G21,I21,K21,M21,O21,Q21,S21,U21) -> 0 | Y21: =SUM(E21,G21,I21,K21,M21,O21,Q21,S21,U21,W21) -> 0
B22: 6 | W22: =SUM(C22,E22,G22,I22,K22,M22,O22,Q22,S22,U22) -> 0 | Y22: =SUM(E22,G22,I22,K22,M22,O22,Q22,S22,U22,W22) -> 0
B23: 7 | W23: =SUM(C23,E23,G23,I23,K23,M23,O23,Q23,S23,U23) -> 0 | Y23: =SUM(E23,G23,I23,K23,M23,O23,Q23,S23,U23,W23) -> 0
C24: =SUM(C17:C23) -> 0 | D24: =SUM(D17:D23) -> 0 | E24: =SUM(E17:E23) -> 0 | F24: =SUM(F17:F23) -> 0 | G24: =SUM(G17:G23) -> 0 | H24: =SUM(H17:H23) -> 0 | I24: =SUM(I17:I23) -> 0 | J24: =SUM(J17:J23) -> 0 | ... Z24: =SUM(Z17:Z23) -> 0
C25: =COUNTA(C17:C23) -> 0 | E25: =COUNTA(E17:E23) -> 0 | G25: =COUNTA(G17:G23) -> 0 | I25: =COUNTA(I17:I23) -> 0 | K25: =COUNTA(K17:K23) -> 0 | M25: =COUNTA(M17:M23) -> 0 | O25: =COUNTA(O17:O23) -> 0 | Q25: =COUNTA(Q17:Q23) -> 0 | S25: =COUNTA(S17:S23) -> 0

Sheet REKAP N S AWAL
B1: STOCK BUKU | G1: STOCK OPNAME | I1: SELISIH STOCK
B2: AWAL | D2: P E T I S | G2: PETIS | I2: PETIS
D3: KALENG | E3: RE-FILL | G3: KALENG | H3: RE-FILL | I3: KALENG | J3: RE-FILL | K3: KALENG | L3: RE-FILL | M3: TOTAL
D4: 1000 | E4: 1000 | G4: =D4 -> 1000 | H4: =E4 -> 1000 | K4: dlm Kg | L4: dlm Kg | M4: dlm Kg
C5: 1 | D5: =IF(D4="",D4,(D4+'PROSES MASAKAN'!M5)-PENJUALAN!AW4) -> 1000 | E5: =IF(E4="",E4,(E4+'PROSES MASAKAN'!N5)-PENJUALAN!AX4) -> 1000 | G5: =IF(G4="",G4,PENJUALAN!W4+'PROSES MASAKAN'!T5) -> 1100 | H5: =IF(H4="",H4,PENJUALAN!X4+'PROSES MASAKAN'!U5) -> 1100 | I5: =$G5-$D5 -> 100 | J5: =$H5-$E5 -> 100 | K5: =I5*9.5 -> 950 | L5: =J5*5 -> 500 | M5: =SUM(K5:L5) -> 1450
C6: 2 | D6: =(D5+'PROSES MASAKAN'!M6)-PENJUALAN!AW5 -> 1000 | E6: =(E5+'PROSES MASAKAN'!N6)-PENJUALAN!AX5 -> 1000 | G6: ='PROSES MASAKAN'!T6+PENJUALAN!W5 -> 0 | H6: ='PROSES MASAKAN'!U6+PENJUALAN!X5 -> 0 | I6: =$G6-$D6 -> -1000 | J6: =$H6-$E6 -> -1000 | K6: =I6*9.5 -> -9500 | L6: =J6*5 -> -5000 | M6: =SUM(K6:L6) -> -14500
C7: 3 | D7: =(D6+'PROSES MASAKAN'!M7)-PENJUALAN!AW6 -> 1000 | E7: =(E6+'PROSES MASAKAN'!N7)-PENJUALAN!AX6 -> 1000 | G7: ='PROSES MASAKAN'!T7+PENJUALAN!W6 -> 0 | H7: ='PROSES MASAKAN'!U7+PENJUALAN!X6 -> 0 | I7: =$G7-$D7 -> -1000 | J7: =$H7-$E7 -> -1000 | K7: =I7*9.5 -> -9500 | L7: =J7*5 -> -5000 | M7: =SUM(K7:L7) -> -14500
C8: 4 | D8: =(D7+'PROSES MASAKAN'!M8)-PENJUALAN!AW7 -> 1000 | E8: =(E7+'PROSES MASAKAN'!N8)-PENJUALAN!AX7 -> 1000 | G8: ='PROSES MASAKAN'!T8+PENJUALAN!W7 -> 0 | H8: ='PROSES MASAKAN'!U8+PENJUALAN!X7 -> 0 | I8: =$G8-$D8 -> -1000 | J8: =$H8-$E8 -> -1000 | K8: =I8*9.5 -> -9500 | L8: =J8*5 -> -5000 | M8: =SUM(K8:L8) -> -14500
C9: 5 | D9: =(D8+'PROSES MASAKAN'!M9)-PENJUALAN!AW8 -> 1000 | E9: =(E8+'PROSES MASAKAN'!N9)-PENJUALAN!AX8 -> 1000 | G9: ='PROSES MASAKAN'!T9+PENJUALAN!W8 -> 0 | H9: ='PROSES MASAKAN'!U9+PENJUALAN!X8 -> 0 | I9: =$G9-$D9 -> -1000 | J9: =$H9-$E9 -> -1000 | K9: =I9*9.5 -> -9500 | L9: =J9*5 -> -5000 | M9: =SUM(K9:L9) -> -14500
C10: 6 | D10: =(D9+'PROSES MASAKAN'!M10)-PENJUALAN!AW9 -> 1000 | E10: =(E9+'PROSES MASAKAN'!N10)-PENJUALAN!AX9 -> 1000 | G10: ='PROSES MASAKAN'!T10+PENJUALAN!W9 -> 0 | H10: ='PROSES MASAKAN'!U10+PENJUALAN!X9 -> 0 | I10: =$G10-$D10 -> -1000 | J10: =$H10-$E10 -> -1000 | K10: =I10*9.5 -> -9500 | L10: =J10*5 -> -5000 | M10: =SUM(K10:L10) -> -14500
C11: 7 | D11: =(D10+'PROSES MASAKAN'!M11)-PENJUALAN!AW10 -> 1000 | E11: =(E10+'PROSES MASAKAN'!N11)-PENJUALAN!AX10 -> 1000 | G11: ='PROSES MASAKAN'!T11+PENJUALAN!W10 -> 0 | H11: ='PROSES MASAKAN'!U11+PENJUALAN!X10 -> 0 | I11: =$G11-$D11 -> -1000 | J11: =$H11-$E11 -> -1000 | K11: =I11*9.5 -> -9500 | L11: =J11*5 -> -5000 | M11: =SUM(K11:L11) -> -14500
